country,indicator,period,value,unit,source,status
AUS,budget_net_debt,2000-01,46802.0,AUD million,budget26,Budget historical actual
AUS,budget_net_debt_gdp,2000-01,6.6,% GDP,budget26,Budget historical actual
AUS,budget_net_interest,2000-01,6195.0,AUD million,budget26,Budget historical actual
AUS,budget_net_interest_gdp,2000-01,0.9,% GDP,budget26,Budget historical actual
AUS,budget_net_debt,2001-02,42263.0,AUD million,budget26,Budget historical actual
AUS,budget_net_debt_gdp,2001-02,5.6,% GDP,budget26,Budget historical actual
AUS,budget_net_interest,2001-02,5352.0,AUD million,budget26,Budget historical actual
AUS,budget_net_interest_gdp,2001-02,0.7,% GDP,budget26,Budget historical actual
AUS,budget_net_debt,2002-03,33403.0,AUD million,budget26,Budget historical actual
AUS,budget_net_debt_gdp,2002-03,4.2,% GDP,budget26,Budget historical actual
AUS,budget_net_interest,2002-03,3758.0,AUD million,budget26,Budget historical actual
AUS,budget_net_interest_gdp,2002-03,0.5,% GDP,budget26,Budget historical actual
AUS,budget_net_debt,2003-04,26995.0,AUD million,budget26,Budget historical actual
AUS,budget_net_debt_gdp,2003-04,3.1,% GDP,budget26,Budget historical actual
AUS,budget_net_interest,2003-04,3040.0,AUD million,budget26,Budget historical actual
AUS,budget_net_interest_gdp,2003-04,0.4,% GDP,budget26,Budget historical actual
AUS,budget_net_debt,2004-05,15604.0,AUD million,budget26,Budget historical actual
AUS,budget_net_debt_gdp,2004-05,1.7,% GDP,budget26,Budget historical actual
AUS,budget_net_interest,2004-05,2502.0,AUD million,budget26,Budget historical actual
AUS,budget_net_interest_gdp,2004-05,0.3,% GDP,budget26,Budget historical actual
AUS,budget_net_debt,2005-06,331.0,AUD million,budget26,Budget historical actual
AUS,budget_net_debt_gdp,2005-06,0.0,% GDP,budget26,Budget historical actual
AUS,budget_net_interest,2005-06,2303.0,AUD million,budget26,Budget historical actual
AUS,budget_net_interest_gdp,2005-06,0.2,% GDP,budget26,Budget historical actual
AUS,budget_net_debt,2006-07,-24288.0,AUD million,budget26,Budget historical actual
AUS,budget_net_debt_gdp,2006-07,-2.2,% GDP,budget26,Budget historical actual
AUS,budget_net_interest,2006-07,228.0,AUD million,budget26,Budget historical actual
AUS,budget_net_interest_gdp,2006-07,0.0,% GDP,budget26,Budget historical actual
AUS,budget_net_debt,2007-08,-39958.0,AUD million,budget26,Budget historical actual
AUS,budget_net_debt_gdp,2007-08,-3.4,% GDP,budget26,Budget historical actual
AUS,budget_net_interest,2007-08,-1015.0,AUD million,budget26,Budget historical actual
AUS,budget_net_interest_gdp,2007-08,-0.1,% GDP,budget26,Budget historical actual
AUS,budget_net_debt,2008-09,-11285.0,AUD million,budget26,Budget historical actual
AUS,budget_net_debt_gdp,2008-09,-0.9,% GDP,budget26,Budget historical actual
AUS,budget_net_interest,2008-09,-1196.0,AUD million,budget26,Budget historical actual
AUS,budget_net_interest_gdp,2008-09,-0.1,% GDP,budget26,Budget historical actual
AUS,budget_net_debt,2009-10,47874.0,AUD million,budget26,Budget historical actual
AUS,budget_net_debt_gdp,2009-10,3.7,% GDP,budget26,Budget historical actual
AUS,budget_net_interest,2009-10,2386.0,AUD million,budget26,Budget historical actual
AUS,budget_net_interest_gdp,2009-10,0.2,% GDP,budget26,Budget historical actual
AUS,budget_net_debt,2010-11,90660.0,AUD million,budget26,Budget historical actual
AUS,budget_net_debt_gdp,2010-11,6.4,% GDP,budget26,Budget historical actual
AUS,budget_net_interest,2010-11,4608.0,AUD million,budget26,Budget historical actual
AUS,budget_net_interest_gdp,2010-11,0.3,% GDP,budget26,Budget historical actual
AUS,budget_net_debt,2011-12,153443.0,AUD million,budget26,Budget historical actual
AUS,budget_net_debt_gdp,2011-12,10.2,% GDP,budget26,Budget historical actual
AUS,budget_net_interest,2011-12,6609.0,AUD million,budget26,Budget historical actual
AUS,budget_net_interest_gdp,2011-12,0.4,% GDP,budget26,Budget historical actual
AUS,budget_net_debt,2012-13,159594.0,AUD million,budget26,Budget historical actual
AUS,budget_net_debt_gdp,2012-13,10.3,% GDP,budget26,Budget historical actual
AUS,budget_net_interest,2012-13,8285.0,AUD million,budget26,Budget historical actual
AUS,budget_net_interest_gdp,2012-13,0.5,% GDP,budget26,Budget historical actual
AUS,budget_net_debt,2013-14,209559.0,AUD million,budget26,Budget historical actual
AUS,budget_net_debt_gdp,2013-14,13.0,% GDP,budget26,Budget historical actual
AUS,budget_net_interest,2013-14,10843.0,AUD million,budget26,Budget historical actual
AUS,budget_net_interest_gdp,2013-14,0.7,% GDP,budget26,Budget historical actual
AUS,budget_net_debt,2014-15,245817.0,AUD million,budget26,Budget historical actual
AUS,budget_net_debt_gdp,2014-15,15.1,% GDP,budget26,Budget historical actual
AUS,budget_net_interest,2014-15,10868.0,AUD million,budget26,Budget historical actual
AUS,budget_net_interest_gdp,2014-15,0.7,% GDP,budget26,Budget historical actual
AUS,budget_net_debt,2015-16,303467.0,AUD million,budget26,Budget historical actual
AUS,budget_net_debt_gdp,2015-16,18.2,% GDP,budget26,Budget historical actual
AUS,budget_net_interest,2015-16,12041.0,AUD million,budget26,Budget historical actual
AUS,budget_net_interest_gdp,2015-16,0.7,% GDP,budget26,Budget historical actual
AUS,budget_net_debt,2016-17,322320.0,AUD million,budget26,Budget historical actual
AUS,budget_net_debt_gdp,2016-17,18.3,% GDP,budget26,Budget historical actual
AUS,budget_net_interest,2016-17,12365.0,AUD million,budget26,Budget historical actual
AUS,budget_net_interest_gdp,2016-17,0.7,% GDP,budget26,Budget historical actual
AUS,budget_net_debt,2017-18,341961.0,AUD million,budget26,Budget historical actual
AUS,budget_net_debt_gdp,2017-18,18.5,% GDP,budget26,Budget historical actual
AUS,budget_net_interest,2017-18,13135.0,AUD million,budget26,Budget historical actual
AUS,budget_net_interest_gdp,2017-18,0.7,% GDP,budget26,Budget historical actual
AUS,budget_net_debt,2018-19,373566.0,AUD million,budget26,Budget historical actual
AUS,budget_net_debt_gdp,2018-19,19.1,% GDP,budget26,Budget historical actual
AUS,budget_net_interest,2018-19,15149.0,AUD million,budget26,Budget historical actual
AUS,budget_net_interest_gdp,2018-19,0.8,% GDP,budget26,Budget historical actual
AUS,budget_net_debt,2019-20,491217.0,AUD million,budget26,Budget historical actual
AUS,budget_net_debt_gdp,2019-20,24.7,% GDP,budget26,Budget historical actual
AUS,budget_net_interest,2019-20,13280.0,AUD million,budget26,Budget historical actual
AUS,budget_net_interest_gdp,2019-20,0.7,% GDP,budget26,Budget historical actual
AUS,budget_net_debt,2020-21,592221.0,AUD million,budget26,Budget historical actual
AUS,budget_net_debt_gdp,2020-21,28.3,% GDP,budget26,Budget historical actual
AUS,budget_net_interest,2020-21,14290.0,AUD million,budget26,Budget historical actual
AUS,budget_net_interest_gdp,2020-21,0.7,% GDP,budget26,Budget historical actual
AUS,budget_net_debt,2021-22,515650.0,AUD million,budget26,Budget historical actual
AUS,budget_net_debt_gdp,2021-22,22.1,% GDP,budget26,Budget historical actual
AUS,budget_net_interest,2021-22,14977.0,AUD million,budget26,Budget historical actual
AUS,budget_net_interest_gdp,2021-22,0.6,% GDP,budget26,Budget historical actual
AUS,budget_net_debt,2022-23,491013.0,AUD million,budget26,Budget historical actual
AUS,budget_net_debt_gdp,2022-23,19.1,% GDP,budget26,Budget historical actual
AUS,budget_net_interest,2022-23,11852.0,AUD million,budget26,Budget historical actual
AUS,budget_net_interest_gdp,2022-23,0.5,% GDP,budget26,Budget historical actual
AUS,budget_net_debt,2023-24,491469.0,AUD million,budget26,Budget historical actual
AUS,budget_net_debt_gdp,2023-24,18.3,% GDP,budget26,Budget historical actual
AUS,budget_net_interest,2023-24,12264.0,AUD million,budget26,Budget historical actual
AUS,budget_net_interest_gdp,2023-24,0.5,% GDP,budget26,Budget historical actual
AUS,budget_net_debt,2024-25,532346.0,AUD million,budget26,Budget historical actual
AUS,budget_net_debt_gdp,2024-25,19.2,% GDP,budget26,Budget historical actual
AUS,budget_net_interest,2024-25,13725.0,AUD million,budget26,Budget historical actual
AUS,budget_net_interest_gdp,2024-25,0.5,% GDP,budget26,Budget historical actual
AUS,budget_net_debt,2025-26,555999.0,AUD million,budget26,Budget estimate
AUS,budget_net_debt_gdp,2025-26,18.8,% GDP,budget26,Budget estimate
AUS,budget_net_interest,2025-26,17729.0,AUD million,budget26,Budget estimate
AUS,budget_net_interest_gdp,2025-26,0.6,% GDP,budget26,Budget estimate
AUS,budget_net_debt,2026-27,616621.0,AUD million,budget26,Budget estimate
AUS,budget_net_debt_gdp,2026-27,19.9,% GDP,budget26,Budget estimate
AUS,budget_net_interest,2026-27,19930.0,AUD million,budget26,Budget estimate
AUS,budget_net_interest_gdp,2026-27,0.6,% GDP,budget26,Budget estimate
AUS,budget_net_debt,2027-28,668765.0,AUD million,budget26,Budget estimate
AUS,budget_net_debt_gdp,2027-28,21.0,% GDP,budget26,Budget estimate
AUS,budget_net_interest,2027-28,26668.0,AUD million,budget26,Budget estimate
AUS,budget_net_interest_gdp,2027-28,0.8,% GDP,budget26,Budget estimate
AUS,budget_net_debt,2028-29,725518.0,AUD million,budget26,Budget estimate
AUS,budget_net_debt_gdp,2028-29,21.8,% GDP,budget26,Budget estimate
AUS,budget_net_interest,2028-29,27970.0,AUD million,budget26,Budget estimate
AUS,budget_net_interest_gdp,2028-29,0.8,% GDP,budget26,Budget estimate
AUS,budget_net_debt,2029-30,767803.0,AUD million,budget26,Budget estimate
AUS,budget_net_debt_gdp,2029-30,21.9,% GDP,budget26,Budget estimate
AUS,budget_net_interest,2029-30,31726.0,AUD million,budget26,Budget estimate
AUS,budget_net_interest_gdp,2029-30,0.9,% GDP,budget26,Budget estimate
