id,agency,title,url,note,retrieved
abs_q,ABS,"National accounts, June 2026",https://www.abs.gov.au/statistics/economy/national-accounts/australian-national-accounts-national-income-expenditure-and-product/jun-2026,June quarter key figures; seasonally adjusted; September 2026 release,2026-09-08
abs_a,ABS,Australian System of National Accounts 2024–25,https://www.abs.gov.au/statistics/economy/national-accounts/australian-system-national-accounts/2024-25,Key figures; financial years; 24 October 2025 vintage; may differ from later revisions,2026-09-08
oecd_p,OECD,"Productivity compendium 2026, chapter 2",https://www.oecd.org/en/publications/oecd-compendium-of-productivity-indicators-2026_734a5e68-en/full-report/labour-productivity-in-oecd-economies-recent-trends-and-shifting-drivers-of-growth_cd896487.html,Selected explicit numerical observations in text; constant 2020 USD PPP per hour; 1995 and 2024; not complete country coverage,2026-09-08
oecd_api,OECD,Productivity Data Explorer,https://data-explorer.oecd.org/,DSD_PDB@DF_PDB version 2.0; automated retrieval blocked by HTTP 403 in this environment; API adapter supplied but live ingestion unverified,2026-09-08
ndis_a,NDIA,Annual Financial Sustainability Report 2024–25,https://www.ndis.gov.au/media/8183/download?attachment=,Table 6.11 p134: actual participant costs (accrual); historical AFSR projection vintage 30 June 2025. Excludes agency administration; includes Commonwealth and state scheme funding,2026-09-08
pbo,Parliamentary Budget Office,2026–27 Medium-Term Budget Outlook,https://www.pbo.gov.au/publications-and-data/publications/2026-27-medium-term-budget-outlook,Sections 5.3 and Box 1; 2026 Budget baseline and PBO scenarios; forecasts are conditional,2026-09-08
fraud,NDIA,Majority of convicted NDIS criminals thrown behind bars,https://ndis.gov.au/news/11597-majority-convicted-ndis-criminals-thrown-behind-bars,"Cumulative conviction and referral counts, not annual incidence or total fraud losses",2026-09-08
ndis_f,NDIA,Fraud and non-compliance,https://www.ndis.gov.au/governance/fraud-and-non-compliance,"Integrity framework; distinguish intentional fraud, non-compliance and error",2026-09-08
sector,ABS,Public sector unit classification decisions,https://www.abs.gov.au/articles/abs-public-sector-unit-classification-decisions,Classification depends on government control; funding and industry are different dimensions,2026-09-08
on_w,One Nation,Slash Government Waste,https://www.onenation.org.au/slash-waste,"Party proposal and claimed savings, not an independent costing; captured 8 September 2026",2026-09-08
on_t,One Nation,Family Tax Policy,https://www.onenation.org.au/famly-tax-policy,Income splitting proposal; published worked examples are not adopted as current tax calculations,2026-09-08
on_all,One Nation,Policy index,https://www.onenation.org.au/issues,"Primary source for party positions, not proof of their economic effects",2026-09-08
fed,Federal Reserve,"Emergency expenses, SHED survey",https://www.federalreserve.gov/consumerscommunities/sheddataviz/unexpectedexpenses-table.html,Adults who would cover a $400 expense entirely with cash or equivalent; annual survey 2013–2025,2026-09-08
fed_def,Federal Reserve,2025 survey: savings and investments,https://www.federalreserve.gov/publications/2026-economic-well-being-of-us-households-in-2025-savings-investments.htm,Cash equivalent includes credit card paid in full at next statement; not a paycheck-to-paycheck measure,2026-09-08
housing,OECD,Housing prices,https://www.oecd.org/en/data/indicators/housing-prices.html,"Price-to-income index measures change in affordability, not an absolute multiple directly comparable across countries",2026-09-08
wealth,OECD,Income and wealth distribution databases,https://www.oecd.org/en/data/datasets/income-and-wealth-distribution-database.html,"IDD / WDD: poverty, inequality, wealth shares and asset poverty; survey years vary",2026-09-08
income,OECD,Household disposable income,https://www.oecd.org/en/data/indicators/household-disposable-income.html,Real per capita household income; distinguish national mean from household median,2026-09-08
abs_prices,ABS,Prices and inflation,https://www.abs.gov.au/statistics/economy/price-indexes-and-inflation,"CPI, wage price index and living-cost indexes; matched periods required",2026-09-08
abs_wealth,ABS,Household Income and Wealth 2019–20,https://www.abs.gov.au/statistics/economy/finance/household-income-and-wealth-australia/2019-20,Older survey vintage; do not represent as current household wealth,2026-09-08
money,RBA,What is money?,https://www.rba.gov.au/education/resources/explainers/what-is-money.html,Money creation and central bank bond purchases,2026-09-08
denmark,Statistics Denmark,Entrepreneurs and high-growth enterprises,https://www.dst.dk/en/Statistik/emner/erhvervsliv/erhvervslivets-struktur/ivaerksaettere,"Business demography; enterprise births, survival, high-growth firms; contradicts treating entrepreneurship as unmeasurable",2026-09-08
aph,Australian Parliament,Parliamentary Handbook,https://handbook.aph.gov.au/,Official biographical and parliamentary records; full roster and career coding pending,2026-09-08
nso,Singapore Department of Statistics,International statistical office directory,https://www.singstat.gov.sg/find-data/international-statistics/international-links,Official directory used to identify national source agencies; individual dataset coverage still requires checking,2026-09-08
members,OECD,Member countries,https://www.oecd.org/en/about/members-partners.html,38 members checked 8 September 2026; China shown only if separately added as a non-OECD comparator,2026-09-08
wdi_SL.GDP.PCAP.EM.KD,"World Bank WDI; Staff estimates, World Bank (WB), note: Estimates are based on employment, population, GDP, and PPP data obtained from International Labour Organization, United Nations Population Division, Eurostat, OECD, and World Bank., type: estimates based on external database;
International Labour Organization (ILO);
United Nations (UN), publisher: UN Population Division;
Eurostat (ESTAT);
Organisation for Economic Co-operation and Development (OECD);
World Development Indicators database, World Bank (WB)","Output per employed person, PPP",https://api.worldbank.org/v2/country/AUS;AUT;BEL;CAN;CHL;COL;CRI;CZE;DNK;EST;FIN;FRA;DEU;GRC;HUN;ISL;IRL;ISR;ITA;JPN;KOR;LVA;LTU;LUX;MEX;NLD;NZL;NOR;POL;PRT;SVK;SVN;ESP;SWE;CHE;TUR;GBR;USA/indicator/SL.GDP.PCAP.EM.KD?format=json&date=2000:2025&per_page=20000,GDP per person employed is gross domestic product (GDP) divided by total employment in the economy. Purchasing power parity (PPP) GDP is GDP converted to 2021 constant international dollars using PPP rates. An international dollar has the same purchasing power over GDP that a U.S. dollar has in the United States.,2026-09-10
wdi_NY.GDP.PCAP.KD.ZG,"World Bank WDI; Country official statistics, National Statistical Organizations and/or Central Banks;
National Accounts data files, Organisation for Economic Co-operation and Development (OECD);
Staff estimates, World Bank (WB)",Real GDP per person growth,https://api.worldbank.org/v2/country/AUS;AUT;BEL;CAN;CHL;COL;CRI;CZE;DNK;EST;FIN;FRA;DEU;GRC;HUN;ISL;IRL;ISR;ITA;JPN;KOR;LVA;LTU;LUX;MEX;NLD;NZL;NOR;POL;PRT;SVK;SVN;ESP;SWE;CHE;TUR;GBR;USA/indicator/NY.GDP.PCAP.KD.ZG?format=json&date=2000:2025&per_page=20000,"Gross domestic product is the total income earned through the production of goods and services in an economic territory during an accounting period. It can be measured in three different ways: using either the expenditure approach, the income approach, or the production approach. The core indicator has been divided by the general population to achieve a per capita estimate.This indicator denotes the percentage change over each previous year of the constant price (base year 2015) series in United States dollars.",2026-09-10
wdi_NY.GDP.PCAP.PP.KD,"World Bank WDI; International Comparison Program (ICP), World Bank (WB), uri: https://www.worldbank.org/en/programs/icp/data, note: This information is for ICP’s PPPs utilized in WDI, publisher: International Comparison Program (ICP), date accessed: May 30, 2024, date published: May 30, 2024;
The Eurostat PPP Programme, Eurostat (ESTAT), uri: https://ec.europa.eu/eurostat/databrowser/explore/all/all_themes, publisher: Eurostat;
The OECD PPP Programme, Organisation for Economic Co-operation and Development (OECD), uri: https://data-explorer.oecd.org/, publisher: OECD;
Staff estimates, World Bank (WB);
National Accounts data files, Organisation for Economic Co-operation and Development (OECD);
World Economic Outlook database, International Monetary Fund (IMF)","Real GDP per person, PPP",https://api.worldbank.org/v2/country/AUS;AUT;BEL;CAN;CHL;COL;CRI;CZE;DNK;EST;FIN;FRA;DEU;GRC;HUN;ISL;IRL;ISR;ITA;JPN;KOR;LVA;LTU;LUX;MEX;NLD;NZL;NOR;POL;PRT;SVK;SVN;ESP;SWE;CHE;TUR;GBR;USA/indicator/NY.GDP.PCAP.PP.KD?format=json&date=2000:2025&per_page=20000,"This indicator provides values for gross domestic product (GDP) per person expressed in constant international dollars, converted by purchasing power parities (PPPs). PPPs account for the different price levels across countries and thus PPP-based comparisons of economic output are more appropriate for comparing the output of economies and the average material well-being of their inhabitants than exchange-rate based comparisons. 

Gross domestic product is the total income earned through the production of goods and services in an economic territory during an accounting period. It can be measured in three different ways: using either the expenditure approach, the income approach, or the production approach. The core indicator has been divided by the general population to achieve a per capita estimate. This indicator is expressed in constant prices, meaning the series has been adjusted to account for price changes over time. The reference year for this adjustment is 2021. The PPP conversion factor is a currency conversion factor and a spatial price deflator. PPPs convert different currencies to a common currency and, in the process of conversion, equalize their purchasing power by eliminating the differences in price levels between countries, thereby allowing volume or output comparisons of GDP and its expenditure components.",2026-09-10
wdi_NY.GDP.MKTP.KD.ZG,"World Bank WDI; Country official statistics, National Statistical Organizations and/or Central Banks;
National Accounts data files, Organisation for Economic Co-operation and Development (OECD);
Staff estimates, World Bank (WB)",Real GDP growth,https://api.worldbank.org/v2/country/AUS;AUT;BEL;CAN;CHL;COL;CRI;CZE;DNK;EST;FIN;FRA;DEU;GRC;HUN;ISL;IRL;ISR;ITA;JPN;KOR;LVA;LTU;LUX;MEX;NLD;NZL;NOR;POL;PRT;SVK;SVN;ESP;SWE;CHE;TUR;GBR;USA/indicator/NY.GDP.MKTP.KD.ZG?format=json&date=2000:2025&per_page=20000,"Gross domestic product is the total income earned through the production of goods and services in an economic territory during an accounting period. It can be measured in three different ways: using either the expenditure approach, the income approach, or the production approach. This indicator denotes the percentage change over each previous year of the constant price (base year 2015) series in United States dollars.",2026-09-10
wdi_NY.GDP.PCAP.KD,"World Bank WDI; Country official statistics, National Statistical Organizations and/or Central Banks;
National Accounts data files, Organisation for Economic Co-operation and Development (OECD);
Staff estimates, World Bank (WB)",Real GDP per person,https://api.worldbank.org/v2/country/AUS;AUT;BEL;CAN;CHL;COL;CRI;CZE;DNK;EST;FIN;FRA;DEU;GRC;HUN;ISL;IRL;ISR;ITA;JPN;KOR;LVA;LTU;LUX;MEX;NLD;NZL;NOR;POL;PRT;SVK;SVN;ESP;SWE;CHE;TUR;GBR;USA/indicator/NY.GDP.PCAP.KD?format=json&date=2000:2025&per_page=20000,"Gross domestic product is the total income earned through the production of goods and services in an economic territory during an accounting period. It can be measured in three different ways: using either the expenditure approach, the income approach, or the production approach. The core indicator has been divided by the general population to achieve a per capita estimate.This indicator is expressed in constant prices, meaning the series has been adjusted to account for price changes over time. The reference year for this adjustment is 2015. This indicator is expressed in United States dollars.",2026-09-10
wdi_FP.CPI.TOTL.ZG,"World Bank WDI; International Financial Statistics database, International Monetary Fund (IMF)",Consumer price inflation,https://api.worldbank.org/v2/country/AUS;AUT;BEL;CAN;CHL;COL;CRI;CZE;DNK;EST;FIN;FRA;DEU;GRC;HUN;ISL;IRL;ISR;ITA;JPN;KOR;LVA;LTU;LUX;MEX;NLD;NZL;NOR;POL;PRT;SVK;SVN;ESP;SWE;CHE;TUR;GBR;USA/indicator/FP.CPI.TOTL.ZG?format=json&date=2000:2025&per_page=20000,"Inflation as measured by the consumer price index reflects the annual percentage change in the cost to the average consumer of acquiring a basket of goods and services that may be fixed or changed at specified intervals, such as yearly.",2026-09-10
wdi_SL.TLF.CACT.ZS,"World Bank WDI; ILO Modelled Estimates database (ILOEST), International Labour Organization (ILO), uri: https://ilostat.ilo.org/data/bulk/, publisher: ILOSTAT, type: external database, date accessed: January 17, 2026","Labour force participation, modelled ILO estimate",https://api.worldbank.org/v2/country/AUS;AUT;BEL;CAN;CHL;COL;CRI;CZE;DNK;EST;FIN;FRA;DEU;GRC;HUN;ISL;IRL;ISR;ITA;JPN;KOR;LVA;LTU;LUX;MEX;NLD;NZL;NOR;POL;PRT;SVK;SVN;ESP;SWE;CHE;TUR;GBR;USA/indicator/SL.TLF.CACT.ZS?format=json&date=2000:2025&per_page=20000,Labor force participation rate is the proportion of the population ages 15 and older that is economically active: all people who supply labor for the production of goods and services during a specified period.,2026-09-10
wdi_SL.UEM.TOTL.ZS,"World Bank WDI; ILO Modelled Estimates database (ILOEST), International Labour Organization (ILO), uri: https://ilostat.ilo.org/data/bulk/, publisher: ILOSTAT, type: external database, date accessed: January 17, 2026","Unemployment, modelled ILO estimate",https://api.worldbank.org/v2/country/AUS;AUT;BEL;CAN;CHL;COL;CRI;CZE;DNK;EST;FIN;FRA;DEU;GRC;HUN;ISL;IRL;ISR;ITA;JPN;KOR;LVA;LTU;LUX;MEX;NLD;NZL;NOR;POL;PRT;SVK;SVN;ESP;SWE;CHE;TUR;GBR;USA/indicator/SL.UEM.TOTL.ZS?format=json&date=2000:2025&per_page=20000,Unemployment refers to the share of the labor force that is without work but available for and seeking employment.,2026-09-10
wdi_SI.POV.GINI,"World Bank WDI; World Bank, Poverty and Inequality Platform. Data are based on primary household survey data obtained from government statistical agencies and World Bank country departments. Data for high-income economies are mostly from the Luxembourg Income Study database. For more information and methodology, please see http://pip.worldbank.org., World Bank (WB), uri: http://pip.worldbank.org, note: Data are based on primary household survey data obtained from government statistical agencies and World Bank country departments. Data for high-income economies are mostly from the Luxembourg Income Study database.",Income or consumption Gini,https://api.worldbank.org/v2/country/AUS;AUT;BEL;CAN;CHL;COL;CRI;CZE;DNK;EST;FIN;FRA;DEU;GRC;HUN;ISL;IRL;ISR;ITA;JPN;KOR;LVA;LTU;LUX;MEX;NLD;NZL;NOR;POL;PRT;SVK;SVN;ESP;SWE;CHE;TUR;GBR;USA/indicator/SI.POV.GINI?format=json&date=2000:2025&per_page=20000,"Gini index measures the extent to which the distribution of income (or, in some cases, consumption expenditure) among individuals or households within an economy deviates from a perfectly equal distribution. A Lorenz curve plots the cumulative percentages of total income received against the cumulative number of recipients, starting with the poorest individual or household. The Gini index measures the area between the Lorenz curve and a hypothetical line of absolute equality, expressed as a percentage of the maximum area under the line. Thus a Gini index of 0 represents perfect equality, while an index of 100 implies perfect inequality.",2026-09-10
wdi_NE.GDI.FTOT.ZS,"World Bank WDI; Country official statistics, National Statistical Organizations and/or Central Banks;
National Accounts data files, Organisation for Economic Co-operation and Development (OECD);
Staff estimates, World Bank (WB)",Gross fixed capital formation,https://api.worldbank.org/v2/country/AUS;AUT;BEL;CAN;CHL;COL;CRI;CZE;DNK;EST;FIN;FRA;DEU;GRC;HUN;ISL;IRL;ISR;ITA;JPN;KOR;LVA;LTU;LUX;MEX;NLD;NZL;NOR;POL;PRT;SVK;SVN;ESP;SWE;CHE;TUR;GBR;USA/indicator/NE.GDI.FTOT.ZS?format=json&date=2000:2025&per_page=20000,"Gross fixed capital formation includes acquisitions less disposals of fixed assets during the accounting period, including certain specified expenditures on services that add to the value of non-produced assets. This indicator is expressed as a percentage of Gross Domestic Product (GDP) which is the total income earned through the production of goods and services in an economic territory during an accounting period.",2026-09-10
wdi_GB.XPD.RSDV.GD.ZS,"World Bank WDI; Stat Bulk Data Download Service, UN Educational, Scientific and Cultural Organization (UNESCO), uri: https://databrowser.uis.unesco.org/resources/bulk, publisher: UNESCO Institute for Statistics (UIS), date accessed: 2025-03-26, date published: 2025-02",Research and development expenditure,https://api.worldbank.org/v2/country/AUS;AUT;BEL;CAN;CHL;COL;CRI;CZE;DNK;EST;FIN;FRA;DEU;GRC;HUN;ISL;IRL;ISR;ITA;JPN;KOR;LVA;LTU;LUX;MEX;NLD;NZL;NOR;POL;PRT;SVK;SVN;ESP;SWE;CHE;TUR;GBR;USA/indicator/GB.XPD.RSDV.GD.ZS?format=json&date=2000:2025&per_page=20000,"Gross domestic expenditures on research and development (R&D), expressed as a percent of GDP. They include both capital and current expenditures in the four main sectors: Business enterprise, Government, Higher education and Private non-profit. R&D covers basic research, applied research, and experimental development.",2026-09-10
wdi_GC.XPN.INTP.RV.ZS,"World Bank WDI; Government Finance Statistics Yearbook and data files, International Monetary Fund (IMF)",Interest payments,https://api.worldbank.org/v2/country/AUS;AUT;BEL;CAN;CHL;COL;CRI;CZE;DNK;EST;FIN;FRA;DEU;GRC;HUN;ISL;IRL;ISR;ITA;JPN;KOR;LVA;LTU;LUX;MEX;NLD;NZL;NOR;POL;PRT;SVK;SVN;ESP;SWE;CHE;TUR;GBR;USA/indicator/GC.XPN.INTP.RV.ZS?format=json&date=2000:2025&per_page=20000,"Interest payments include interest payments on government debt (including long-term bonds, long-term loans, and other debt instruments) to domestic and foreign residents. This indicator is expressed as a percentage of revenue which includes all transactions that add to the amount of economic value of a unit or sector.",2026-09-10
wdi_FS.AST.PRVT.GD.ZS,"World Bank WDI; International Financial Statistics database, International Monetary Fund (IMF);
World Development Indicators Database, World Bank (WB);
National Accounts data files, Organisation for Economic Co-operation and Development (OECD)",Domestic credit to private sector,https://api.worldbank.org/v2/country/AUS;AUT;BEL;CAN;CHL;COL;CRI;CZE;DNK;EST;FIN;FRA;DEU;GRC;HUN;ISL;IRL;ISR;ITA;JPN;KOR;LVA;LTU;LUX;MEX;NLD;NZL;NOR;POL;PRT;SVK;SVN;ESP;SWE;CHE;TUR;GBR;USA/indicator/FS.AST.PRVT.GD.ZS?format=json&date=2000:2025&per_page=20000,"Domestic credit to private sector refers to financial resources provided to the private sector by financial corporations, such as through loans, purchases of nonequity securities, and trade credits and other accounts receivable, that establish a claim for repayment. For some countries these claims include credit to public enterprises. The financial corporations include monetary authorities and deposit money banks, as well as other financial corporations where data are available (including corporations that do not accept transferable deposits but do incur such liabilities as time and savings deposits). Examples of other financial corporations are finance and leasing companies, money lenders, insurance corporations, pension funds, and foreign exchange companies. This indicator is expressed as a percentage of Gross Domestic Product (GDP) which is the total income earned through the production of goods and services in an economic territory during an accounting period.",2026-09-10
wdi_GC.XPN.TOTL.GD.ZS,"World Bank WDI; Government Finance Statistics Yearbook and data files, International Monetary Fund (IMF);
World Development Indicators, World Bank (WB);
National Accounts data files, Organisation for Economic Co-operation and Development (OECD)","Government expense, GFS reporting scope",https://api.worldbank.org/v2/country/AUS;AUT;BEL;CAN;CHL;COL;CRI;CZE;DNK;EST;FIN;FRA;DEU;GRC;HUN;ISL;IRL;ISR;ITA;JPN;KOR;LVA;LTU;LUX;MEX;NLD;NZL;NOR;POL;PRT;SVK;SVN;ESP;SWE;CHE;TUR;GBR;USA/indicator/GC.XPN.TOTL.GD.ZS?format=json&date=2000:2025&per_page=20000,Expense is a decrease in net worth resulting from a transaction. This indicator is expressed as a percentage of Gross Domestic Product (GDP) which is the total income earned through the production of goods and services in an economic territory during an accounting period.,2026-09-10
wdi_GC.DOD.TOTL.GD.ZS,"World Bank WDI; Government Finance Statistics Yearbook and data files, International Monetary Fund (IMF)",Central government debt,https://api.worldbank.org/v2/country/AUS;AUT;BEL;CAN;CHL;COL;CRI;CZE;DNK;EST;FIN;FRA;DEU;GRC;HUN;ISL;IRL;ISR;ITA;JPN;KOR;LVA;LTU;LUX;MEX;NLD;NZL;NOR;POL;PRT;SVK;SVN;ESP;SWE;CHE;TUR;GBR;USA/indicator/GC.DOD.TOTL.GD.ZS?format=json&date=2000:2025&per_page=20000,"Debt is the entire stock of direct government fixed-term contractual obligations to others outstanding on a particular date. It includes domestic and foreign liabilities such as currency and money deposits, securities other than shares, and loans. It is the gross amount of government liabilities reduced by the amount of equity and financial derivatives held by the government. Because debt is a stock rather than a flow, it is measured as of a given date, usually the last day of the fiscal year. Central government is the part of general government that includes all administrative departments of the national executive, legislative, and judicial functions, other central agencies and those non-market producers controlled by the central government, whose competence extends normally over the whole economic territory. This indicator is expressed as a percentage of Gross Domestic Product (GDP) which is the total income earned through the production of goods and services in an economic territory during an accounting period.",2026-09-10
wdi_GC.TAX.TOTL.GD.ZS,"World Bank WDI; Government Finance Statistics Yearbook and data files, International Monetary Fund (IMF)",Tax revenue excluding most social contributions,https://api.worldbank.org/v2/country/AUS;AUT;BEL;CAN;CHL;COL;CRI;CZE;DNK;EST;FIN;FRA;DEU;GRC;HUN;ISL;IRL;ISR;ITA;JPN;KOR;LVA;LTU;LUX;MEX;NLD;NZL;NOR;POL;PRT;SVK;SVN;ESP;SWE;CHE;TUR;GBR;USA/indicator/GC.TAX.TOTL.GD.ZS?format=json&date=2000:2025&per_page=20000,"Taxes are compulsory, unrequited payments, in cash or in kind, made by institutional




units to government units. This indicator is expressed as a percentage of Gross Domestic Product (GDP) which is the total income earned through the production of goods and services in an economic territory during an accounting period.",2026-09-10
wdi_SP.POP.TOTL,"World Bank WDI; World Population Prospects, United Nations (UN), uri: https://population.un.org/wpp/, publisher: UN Population Division;
Statistical databases and publications from national statistical offices, National Statistical Offices (NSOs), uri: https://unstats.un.org/home/nso_sites/, publisher: National Statistical Offices;
Eurostat: Demographic Statistics, Eurostat (ESTAT), uri: https://ec.europa.eu/eurostat/data/database?node_code=earn_ses_monthly, publisher: Eurostat;
Population and Vital Statistics Report (various years), United Nations (UN), uri: https://unstats.un.org, publisher: UN Statistics Division",Population,https://api.worldbank.org/v2/country/AUS;AUT;BEL;CAN;CHL;COL;CRI;CZE;DNK;EST;FIN;FRA;DEU;GRC;HUN;ISL;IRL;ISR;ITA;JPN;KOR;LVA;LTU;LUX;MEX;NLD;NZL;NOR;POL;PRT;SVK;SVN;ESP;SWE;CHE;TUR;GBR;USA/indicator/SP.POP.TOTL?format=json&date=2000:2025&per_page=20000,"Total population is based on the de facto definition of population, which counts all residents regardless of legal status or citizenship. The values shown are midyear estimates.",2026-09-10
wdi_EG.FEC.RNEW.ZS,"World Bank WDI; IEA Energy Statistics Data Browser, International Energy Agency (IEA), uri: https://www.iea.org/data-and-statistics/data-tools/energy-statistics-data-browser, publisher: International Energy Agency (IEA), date accessed: 2025-03-25",Renewable energy consumption,https://api.worldbank.org/v2/country/AUS;AUT;BEL;CAN;CHL;COL;CRI;CZE;DNK;EST;FIN;FRA;DEU;GRC;HUN;ISL;IRL;ISR;ITA;JPN;KOR;LVA;LTU;LUX;MEX;NLD;NZL;NOR;POL;PRT;SVK;SVN;ESP;SWE;CHE;TUR;GBR;USA/indicator/EG.FEC.RNEW.ZS?format=json&date=2000:2025&per_page=20000,Renewable energy consumption is the share of renewable energy in total final energy consumption.,2026-09-10
wdi_SP.POP.65UP.TO.ZS,"World Bank WDI; World Population Prospects, United Nations (UN), publisher: UN Population Division",Population aged 65+,https://api.worldbank.org/v2/country/AUS;AUT;BEL;CAN;CHL;COL;CRI;CZE;DNK;EST;FIN;FRA;DEU;GRC;HUN;ISL;IRL;ISR;ITA;JPN;KOR;LVA;LTU;LUX;MEX;NLD;NZL;NOR;POL;PRT;SVK;SVN;ESP;SWE;CHE;TUR;GBR;USA/indicator/SP.POP.65UP.TO.ZS?format=json&date=2000:2025&per_page=20000,"Population ages 65 and above as a percentage of the total population. Population is based on the de facto definition of population, which counts all residents regardless of legal status or citizenship.",2026-09-10
wdi_EG.IMP.CONS.ZS,"World Bank WDI; IEA Energy Statistics Data Browser, International Energy Agency (IEA), uri: https://www.iea.org/data-and-statistics/data-tools/energy-statistics-data-browser, publisher: International Energy Agency (IEA), date accessed: 2025-03-25",Net energy imports,https://api.worldbank.org/v2/country/AUS;AUT;BEL;CAN;CHL;COL;CRI;CZE;DNK;EST;FIN;FRA;DEU;GRC;HUN;ISL;IRL;ISR;ITA;JPN;KOR;LVA;LTU;LUX;MEX;NLD;NZL;NOR;POL;PRT;SVK;SVN;ESP;SWE;CHE;TUR;GBR;USA/indicator/EG.IMP.CONS.ZS?format=json&date=2000:2025&per_page=20000,"Net energy imports are estimated as gross imports less gross exports, both measured in tons of oil equivalents (toe). A negative value indicates that the country is a net exporter. Energy use refers to use of primary energy before transformation to other end-use fuels, which is equal to indigenous production plus imports and stock changes, minus exports and fuels supplied to ships and aircraft engaged in international transport.",2026-09-10
budget26,Australian Treasury,2026–27 Budget Paper 1,https://budget.gov.au/content/bp1/download/bp1_2026-27.pdf,"Tables 1.1, 1.2, 6.9.2 and 11.4. Forecast vintage, not September actuals; Commonwealth general government unless noted.",2026-09-10
ndis26,NDIA,June 2026 quarterly report,https://www.ndis.gov.au/media/8796/download?attachment=,"Figures 1, 29, 36 and Table 8; outcome survey comparisons are descriptive, not causal.",2026-09-10
ndis_july,NDIA,July 2026 monthly statistics,https://dataresearch.ndis.gov.au/media/4578/download?attachment=,Monthly management accounts; supports include an allowance for delivered services not yet paid.,2026-09-10
aph_api,Australian Parliament,Parliamentary Handbook public data,https://handbook.aph.gov.au/,"Official occupation records and prior service, retrieved 10 September 2026; occupation counts overlap.",2026-09-10
abs_wpi26,ABS,Wage Price Index June 2026,https://www.abs.gov.au/statistics/economy/price-indexes-and-inflation/wage-price-index-australia/jun-2026,"All-sector WPI, seasonally adjusted; through-year June growth.",2026-09-10
